buoy,day,latitude,longitude,zon.winds,mer.winds,humidity,air temp,s.s.temp
1,1,8.96,-140.32,-6.3,-6.4,83.5,27.32,27.57
1,2,8.95,-140.32,-5.7,-3.6,86.4,26.7,27.62
1,3,8.96,-140.32,-6.2,-5.8,83,27.36,27.68
1,4,8.96,-140.34,-6.4,-5.3,82.2,27.32,27.7
1,5,8.96,-140.33,-4.9,-6.2,87.3,27.09,27.85
1,6,8.96,-140.33,-6.3,-4.9,91.5,26.82,27.98
1,7,8.97,-140.32,-6.7,-3.7,94.1,26.62,28.04
1,8,8.96,-140.33,-6.3,-4.8,92,26.89,27.98
1,9,8.97,-140.33,-6.3,-4.9,86.9,27.44,28.13
1,10,8.97,-140.32,-4.2,-2.5,87.3,26.62,28.14
1,11,8.96,-140.32,-6.8,-2.4,86,27.6,28.09
1,12,8.96,-140.33,-7.1,-3.2,82.2,27.87,28.15
1,13,8.96,-140.33,-6.7,-4.7,81.3,27.75,28.19
2,1,4.93,-139.87,-2.9,-1.2,87.6,26.84,28.35
2,2,4.92,-139.86,0.4,-1.6,82.3,27.3,28.48
2,3,4.92,-139.87,-4,-4.6,83,28,28.61
2,4,4.92,-139.88,-6.3,-3.2,87.6,27.61,28.55
2,5,4.93,-139.87,-4.1,3.3,84.6,27.69,28.35
2,6,4.93,-139.87,-5.4,1.9,81.9,27.96,28.48
2,7,4.93,-139.86,-4.7,0.9,80.3,28.08,28.54
2,8,4.92,-139.87,-2.5,-0.9,84.2,27.61,28.72
2,9,4.93,-139.87,-5.1,2,84.6,27.42,28.66
2,10,4.93,-139.86,-1.3,0.7,80,27.65,28.73
2,11,4.93,-139.85,-5.4,-1.2,83.4,27.89,28.84
2,12,4.93,-139.86,-6.2,-4,82.7,27.77,28.63
2,13,4.93,-139.87,-4.8,2.6,82.3,27.42,28.48
3,1,2,-139.95,-0.3,3.2,86.8,27.1,27.85
3,2,2,-139.96,-1.6,1.1,83.6,27.42,28.06
3,3,1.99,-139.97,-3.9,-2.5,87.5,27.3,28.01
3,4,1.98,-139.96,-4.7,1.4,88.3,26.98,27.95
3,5,1.99,-139.97,-5.3,2.5,82.5,27.14,27.99
3,6,2,-139.97,-6.8,0.5,82.8,27.46,27.89
3,7,2,-139.97,-5.6,0.5,84,27.02,27.49
3,8,2,-139.96,-3.4,2,87.2,26.55,27.27
3,9,2,-139.97,-4.5,2.3,82.1,25.59,26.97
3,10,2,-139.96,-4.1,0.4,79.3,25.47,27.07
3,11,1.99,-139.97,-5.8,0.7,83.2,26.27,27.37
3,12,2,-139.97,-7.2,2.8,83.2,26.23,27.26
3,13,2,-139.98,-5.8,0.5,78.1,25.79,27.1
3,14,2,-139.99,-5.4,-0.4,77.8,25.91,26.85
4,-1,0.01,-139.94,0.7,0.3,93.1,26.54,26.42
4,-2,0.02,-139.93,-1.5,-0.4,92.3,26.51,26.49
4,-3,0.01,-139.94,-3.4,-1.4,92.3,26.53,26.42
4,-4,0.02,-139.94,-4.3,1.3,92.3,26.18,26.02
4,-5,0.02,-139.94,-3.7,0.4,92.3,25.79,25.77
4,-6,0.01,-139.94,-5.1,-2.5,92.3,26.03,25.7
4,-7,0.02,-139.94,-5.4,-2.1,88.1,25.5,25.15
4,-8,0.02,-139.94,-3.6,-0.6,90.4,25.04,24.82
4,-9,0.02,-139.94,-3.3,0.3,88.8,24.63,24.51
4,-10,0.02,-139.93,-3,-2.7,87.3,24.51,24.36
4,-11,0.02,-139.93,-4.7,-1,90.4,24.19,24.15
4,-12,0.02,-139.93,-5.2,0.2,87.3,24.02,24.1
4,-13,0.01,-139.94,-4.7,-1,88.4,24.21,24.15
5,-1,2.02,-139.96,1.7,1.2,87.3,27.36,28.71
5,-2,2,-139.96,-1.1,-1.9,86.9,27.28,28.43
5,-3,2.01,-139.97,-3.7,-2.7,84.8,27.43,28.47
5,-4,2.01,-139.97,-4.4,-3,81.9,27.75,28.83
5,-5,2.02,-139.97,-3.9,-1.4,83.6,27.91,28.92
5,-6,2.02,-139.96,-5.8,-3.4,88.9,27.75,28.71
5,-7,2.03,-139.97,-4.5,-5.2,87.7,27.08,28.27
5,-8,2.02,-139.97,-3.6,-4.5,83.1,26.6,27.7
5,-9,2.02,-139.96,-2.6,-2.3,84.4,26.41,27.27
5,-10,2.02,-139.96,-1.2,-5.1,88.5,25.93,27
5,-11,2.01,-139.96,-4,-4.3,84.4,25.54,26.77
5,-12,2.01,-139.96,-4,-3.1,84.8,25.69,26.87
5,-13,2.02,-139.96,-2.8,-4.5,89.3,25.61,26.86
5,-14,2.02,-139.97,.,.,.,25.26,26.55
6,-1,5.01,-139.92,-0.6,3.5,83.8,28.02,28.94
6,-2,5.01,-139.91,0.2,-2.5,85.4,27.13,28.85
6,-3,5.01,-139.92,-3.9,-3.4,79.8,28.38,29.03
6,-4,5.01,-139.92,-4.2,-2.5,79.4,28.18,28.98
6,-5,5.01,-139.92,-3,0.3,82.6,27.87,29.04
6,-6,5.01,-139.92,-7.9,1.1,78.6,28.45,29.08
6,-7,5.01,-139.92,-5.5,0.5,76.1,28.53,29.15
6,-8,5.01,-139.92,-3.1,-1.7,85.8,27.16,29.05
6,-9,5.01,-139.91,-3.5,-0.8,84.2,27.48,28.99
6,-10,5.01,-139.92,-3.3,-0.7,81.8,27.91,29.05
6,-11,5,-139.91,-2.8,-4.9,79.8,28.02,29
6,-12,5.01,-139.92,-4,-1.5,82.2,27.59,28.95
6,-13,5.01,-139.92,-7.8,1,76.1,28.34,28.88
6,-14,5.01,-139.92,.,.,.,27.44,28.85
7,1,5.15,-124.87,-4.8,2.5,90.9,27.85,28.71
7,2,5.14,-124.86,-2.2,4,86.6,28.33,28.64
7,3,5.14,-124.87,-1.6,0.5,88.5,27.37,28.66
7,4,5.15,-124.87,-3,1.8,89.3,27.53,28.68
7,5,5.14,-124.87,-4.6,3.3,83.1,27.81,28.61
7,6,5.14,-124.87,-4.9,1.6,84.6,28.01,28.62
7,7,5.14,-124.87,-4.6,2.4,88.5,27.45,28.77
7,8,5.15,-124.87,-2.2,5.1,86.2,27.25,28.81
7,9,5.14,-124.87,-1.8,3.8,83.1,27.53,28.79
7,10,5.14,-124.87,-3.8,3.4,81.1,27.29,28.75
7,11,5.14,-124.87,-4.2,2.4,80.3,27.53,28.7
7,12,5.14,-124.87,-3.4,2.1,80.3,27.37,28.83
7,13,5.14,-124.87,-3.4,3.1,81.1,27.29,28.93
8,1,1.95,-125.07,-7.1,1.1,79.5,27.14,27.9
8,2,1.96,-125.07,-3.4,1.6,79.1,26.94,27.12
8,3,1.94,-125.07,-3.5,0.8,84.9,26.62,27.03
8,4,1.95,-125.07,-5.8,1.5,84.9,25.89,26.18
8,5,1.96,-125.07,-4.9,2.2,84.1,25.29,25.82
8,6,1.95,-125.07,-5.9,0.7,81.6,25.21,25.56
8,7,1.94,-125.07,-6,1.4,81.2,24.85,25.55
8,8,1.95,-125.07,-4.7,2,82.4,24.45,25.34
8,9,1.95,-125.07,-4.7,2,82.8,24.41,25.05
8,10,1.96,-125.07,-4.7,1.2,81.2,24.49,24.91
8,11,1.95,-125.07,-4.6,0.7,82.8,24.49,24.84
8,12,1.94,-125.07,-4.7,1.2,80.3,24.08,24.92
8,13,1.96,-125.07,-4.5,1.1,79.9,23.84,25.26
9,-1,0.2,-124.37,-3.6,0,89.8,25.09,24.62
9,-2,0.21,-124.37,-0.3,-0.6,89.4,25.39,24.82
9,-3,0.22,-124.36,-1,-0.9,89.4,25.75,25.59
9,-4,0.21,-124.39,-4.2,1,85.6,25.54,25.21
9,-5,0.2,-124.39,-3.6,1.2,85.2,25.13,24.71
9,-6,0.2,-124.39,-4.3,-0.1,84.4,24.7,24.1
9,-7,0.2,-124.4,-3.8,0,85.6,24.03,23.72
9,-8,0.19,-124.39,-3.1,-0.7,84.4,23.94,23.82
9,-9,0.2,-124.39,-3.2,-0.3,84.4,23.87,23.7
9,-10,0.2,-124.38,-2.6,-1.2,86.5,23.59,23.28
9,-11,0.19,-124.38,-3.5,-0.6,84.8,23.28,22.79
9,-12,0.19,-124.39,-3.1,0.7,84.4,22.72,22.44
9,-13,0.19,-124.38,-3.6,0,84.8,22.74,22.56
1,0 1 -,2.03,-124.89,-5.3,-1.8,87,27.06,27.32
1,0 2 -,2.03,-124.89,-0.6,-2.4,89.9,26.51,27.18
1,0 3 -,2.04,-124.88,-0.3,-3.2,91.2,26.12,26.87
1,0 4 -,2.02,-124.89,-4,-1,89.5,26.43,26.82
1,0 5 -,2.03,-124.89,-4.6,-1.3,86.2,26.67,27.19
1,0 6 -,2.04,-124.9,-6.4,-2.8,82.5,26.71,27.13
1,0 7 -,2.04,-124.9,-5.9,-2,81.3,26.31,26.91
1,0 8 -,2.04,-124.9,-3.2,-2.7,85.4,25.92,26.7
1,0 9 -,2.04,-124.89,-4.4,-1.3,84.6,25.76,26.17
1,0 10,-2,4 -124.8,9 -3.,6  -2.,2  87.,0 25.5,7 25.98
1,0 11,-2,4 -124.8,9 -3.,0  -3.,5  87.,9 25.0,6 25.81
1,0 12,-2,4 -124.8,9 -3.,9  -1.,8  83.,3 25.0,6 25.41
1,0 13,-2,3 -124.8,9 -2.,7  -3.,2  87.,5 24.9,0 25.42
1,1 1,-5,2 -124.9,4 -7.,2  -0.,9  87.,1 28.0,9 28.19
1,1 2,-5,1 -124.9,4 -6.,0   0.,1  85.,6 28.3,6 28.23
1,1 3,-5,2 -124.9,4 -6.,7  -0.,2  83.,0 28.3,2 28.32
1,1 4,-5,1 -124.9,4 -6.,0   1.,4  79.,6 28.1,7 28.26
1,1 5,-5,1 -124.9,4 -5.,3   0.,6  84.,5 27.5,1 28.41
1,1 6,-5,1 -124.9,4 -7.,2  -2.,8  82.,2 28.0,5 28.46
1,1 7,-5,2 -124.9,4 -5.,5  -3.,5  80.,0 27.8,9 28.42
1,1 8,-5,2 -124.9,5 -4.,5  -2.,2  83.,4 27.8,2 28.25
1,1 9,-5,2 -124.9,3 -2.,5  -3.,8  81.,9 27.7,0 28.22
1,1 10,-5,2 -124.9,4 -4.,5  -3.,7  80.,7 27.9,7 28.17
1,1 11,-5,2 -124.9,4 -2.,8  -1.,3  79.,2 27.7,4 28.32
1,1 12,-5,2 -124.9,3 -5.,7  -2.,0  85.,2 27.0,0 28.21
1,1 13,-5,1 -124.9,4 -7.,6   1.,4  75.,5 27.8,2 28.05
1,2 1,-7.9,7 -125.0,1 -8.,0   0.,7   79,.6 28.,29   .
1,2 2,-7.9,7 -125.0,1 -6.,1   1.,0   79,.6 28.,25   .
1,2 3,-7.9,7 -125.0,2 -6.,2   1.,8   76,.6 28.,05   .
1,2 4,-7.9,7 -125.0,2 -5.,1   1.,0   71,.5 27.,81   .
1,2 5,-7.9,7 -125.0,2 -6.,2   0.,4   76,.2 27.,97   .
1,2 6,-7.9,7 -125.0,2 -7.,9   0.,9   78,.3 27.,85   .
1,2 7,-7.9,7 -125.0,1 -6.,6   0.,8   83,.5 27.,18   .
1,2 8,-7.9,5 -125.0,1 -6.,3   1.,0   75,.8 28.,05   .
1,2 9,-7.9,6 -125.0,1 -6.,2   1.,6   82,.6 27.,38   .
1,2 10,-7.9,7 -125.0,1 -8.,5  -0.,3  78.,8 27.8,5   .
1,2 11,-7.9,7 -125.0,1 -6.,1   2.,4  74.,9 28.0,1   .
1,2 12,-7.9,6 -125.0,2 -7.,7   2.,6  79.,6 27.4,2   .
1,2 13,-7.9,7 -125.0,2 -7.,9   2.,3  71.,9 27.4,6   .
1,3 1,8,5 -110.1,5 -3.,9  -1.,2,. 28.8,4 29.66
1,3 2,8,5 -110.1,5 -0.,4   4.,2,. 27.8,8 29.61
1,3 3,8,4 -110.1,5  4.,8   2.,5,. 28.6,3 29.60
1,3 4,8,4 -110.1,6  2.,3  -1.,6,. 27.8,7 29.58
1,3 5,8,4 -110.1,6  0.,5  -2.,4,. 29.2,7 29.91
1,3 6,8,4 -110.1,5  0.,6  -4.,0,. 29.2,6 29.99
1,3 7,8,4 -110.1,5  1.,4  -5.,1,. 28.9,2 29.89
1,3 8,8,4 -110.1,5  1.,2  -0.,6,. 28.9,0 29.90
1,3 9,8,4 -110.1,5  3.,9   0.,0,. 28.7,7 29.92
1,3 10,8,5 -110.1,5  2.,2   0.,5,. 28.2,0 29.82
1,3 11,8,4 -110.1,6  2.,9  -2.,5,. 29.3,5 30.08
1,3 12,8,5 -110.1,6  1.,9   1.,4,. 28.3,4 30.04
1,3 13,8,5 -110.1,5  4.,3   4.,2,. 27.9,2 29.87
1,4 1,4.9,9 -109.9,6 -3.,4   5.,9  83.,2 27.9,8 28.89
1,4 2,4.9,8 -109.9,6 -3.,1   5.,3  79.,5 28.0,2 28.84
1,4 3,4.9,8 -109.9,6  1.,4   5.,8  81.,6 27.7,0 28.75
1,4 4,4.9,7 -109.9,6  3.,1   3.,5  80.,7 27.5,1 28.60
1,4 5,4.9,8 -109.9,6 -0.,1   4.,9  81.,1 27.5,1 28.67
1,4 6,4.9,7 -109.9,6 -0.,5   4.,7  80.,7 27.5,5 28.74
1,4 7,4.9,7 -109.9,6 -0.,7   6.,0  80.,7 27.3,5 28.54
1,4 8,4.9,7 -109.9,6 -1.,3   6.,3  80.,3 27.1,1 28.00
1,4 9,4.9,8 -109.9,6 -1.,5   4.,9  78.,7 27.1,5 27.74
1,4 10,4.9,8 -109.9,6 -2.,3   4.,2  79.,9 27.1,9 27.60
1,4 11,4.9,7 -109.9,6 -1.,4   4.,7  80.,7 27.1,9 27.60
1,4 12,4.9,8 -109.9,6 -0.,3   6.,1  81.,1 26.9,1 27.63
1,4 13,4.9,8 -109.9,6 -0.,3   7.,1  81.,1 26.7,5 27.70
1,5 1,2,8 -110.1,0 -6.,1   3.,5  86.,9 26.3,5 26.89
1,5 2,2,8 -110.1,0 -5.,4   3.,2  87.,3 26.1,2 26.88
1,5 3,2,8 -110.1,0 -1.,2   3.,7  89.,8 25.5,3 26.30
1,5 4,2,8 -110.1,0  0.,4   2.,6  88.,2 25.4,5 26.09
1,5 5,2,8 -110.1,1 -1.,9   2.,9  87.,7 24.9,1 25.83
1,5 6,2,7 -110.1,4 -3.,6   2.,7  89.,0 24.9,1 25.84
1,5 7,2,8 -110.1,1 -4.,5   3.,7  88.,6 24.6,7 26.07
1,5 8,2,8 -110.1,1 -5.,2   4.,0  86.,5 24.7,5 26.16
1,5 9,2,8 -110.1,0 -4.,9   2.,7  83.,5 25.2,6 26.24
1,5 10,2,8 -110.1,1 -4.,1   1.,5  84.,8 25.1,8 26.18
1,5 11,2,8 -110.1,0 -3.,5   2.,5  86.,5 25.0,3 26.09
1,5 12,2,8 -110.1,0 -2.,8   4.,1  86.,0 24.1,7 25.47
1,5 13,2,8 -110.1,0 -2.,8   3.,9  87.,3 23.7,4 24.56
1,6 1,-1.9,8 -110.0,1 -4.,9   0.,8  92.,2 25.9,6 25.63
1,6 2,-1.9,8 -110.0,0 -2.,2   1.,5  93.,0 25.7,7 25.28
1,6 3,-1.9,8 -110.0,0 -2.,8   2.,8  91.,8 25.0,5 24.85
1,6 4,-1.9,8 -110.0,1 -0.,9   0.,7  91.,4 25.0,9 25.01
1,6 5,-1.9,8 -110.0,1 -3.,1   2.,2  89.,1 25.2,1 25.42
1,6 6,-1.9,8 -110.0,1 -4.,4   0.,3  89.,1 25.4,5 25.59
1,6 7,-1.9,8 -110.0,1 -4.,8  -0.,1  87.,5 25.4,5 25.66
1,6 8,-1.9,8 -110.0,0 -4.,5   0.,7  88.,3 25.4,5 25.34
1,6 9,-1.9,8 -110.0,0 -3.,3  -0.,3  89.,5 25.3,3 25.27
1,6 10,-1.9,8 -110.0,0 -3.,5  -0.,7 90.6,25.09,25.08
1,6 11,-1.9,8 -110.0,0 -2.,9  -0.,4 91.0,25.29,25.17
1,6 12,-1.9,8 -110.0,0 -2.,7   0.,0 88.3,24.82,25.11
1,6 13,-1.9,8 -110.0,0 -3.,9   0.,8 87.1,.,.
1,7 1,-4.9,8 -109.9,8 -7.,1   2.,8  86.,2 27.2,8 27.31
1,7 2,-4.9,8 -109.9,9 -6.,0   3.,5  81.,7 27.4,4 27.13
1,7 3,-4.9,7 -109.9,9 -4.,3   4.,7  80.,5 27.3,6 27.19
1,7 4,-4.9,8 -109.9,9 -1.,9   1.,8  79.,7 26.7,7 27.41
1,7 5,-4.9,8 -109.9,9 -4.,5   1.,4  79.,7 26.9,3 27.46
1,7 6,-4.9,8 -109.9,8 -5.,2  -0.,9  82.,1 26.6,2 27.19
1,7 7,-4.9,8 -109.9,9 -5.,0  -0.,7  83.,3 26.5,8 26.95
1,7 8,-4.9,9 -109.9,9 -5.,3   0.,0  85.,0 26.6,6 26.83
1,7 9,-4.9,8 -109.9,9 -4.,6  -1.,0  85.,0 26.6,6 26.79
1,7 10,-4.9,8 -109.9,9 -5.,4  -1.,0 85.0,26.54,26.67
1,7 11,-4.9,8 -109.9,9 -4.,6   0.,7 84.1,26.27,26.56
1,7 12,-4.9,8 -109.9,9 -3.,2  -1.,2 88.2,25.88,26.64
1,7 13,-4.9,8 -109.9,9 -5.,2   1.,9 84.6,26.62,26.64
1,8 1,-8,5 -109.9,4,.,.  80.,1 27.7,2 27.99
1,8 2,-8,5 -109.9,2,.,.  78.,4 27.5,6 28.02
1,8 3,-8,5 -109.9,3,.,.  77.,3 27.4,4 28.10
1,8 4,-8,5 -109.9,3,.,.  79.,8 27.0,8 28.15
1,8 5,-8,5 -109.9,3,.,.  83.,2 26.7,2 28.09
1,8 6,-8.1,0 -109.9,4,.,.  85.,3 26.6,4 27.99
1,8 7,-8,5 -109.9,4,.,.  87.,8 26.7,6 27.97
1,8 8,-8,5 -109.9,3,.,.  84.,3 27.4,0 27.97
1,8 9,-8,5 -109.9,3,.,.  87.,8 26.8,8 28.01
1,8 10,-8,5 -109.9,3   .,.,80.8,27.56,27.99
1,8 11,-8,5 -109.9,3   .,.,79.8,27.24,28.01
1,8 12,-8,5 -109.9,3   .,.,80.8,27.04,28.01
1,8 13,-8,5 -109.9,3   .,.,79.8,27.32,27.93
1,9 1,8,6  -94.9,6 -2.,3   2.,4   86,.4 29.,14   .
1,9 2,8,6  -94.9,5  1.,7  -0.,3   83,.7 29.,24   .
1,9 3,8,5  -94.9,6  0.,9   1.,0   87,.1 28.,53   .
1,9 4,8,5  -94.9,5  7.,0   1.,3   84,.4 29.,18   .
1,9 5,8,5  -94.9,6  3.,3   2.,8   83,.7 29.,32   .
1,9 6,8,6  -94.9,6  2.,8   1.,8   84,.8 29.,09   .
1,9 7,8,6  -94.9,5  0.,4   1.,1   83,.7 28.,97   .
1,9 8,8,6  -94.9,8  2.,0   0.,8   83,.7 28.,66   .
1,9 9,8,6  -94.9,5  2.,5   1.,3   84,.1 28.,67   .
1,9 10,8,5  -94.9,5  2.,6   0.,2   84,.8 28.,73   .
1,9 11,8,5  -94.9,5  2.,0  -1.,2   79,.8 29.,32   .
1,9 12,8,5  -94.9,5  2.,8  -2.,1   85,.2 28.,75   .
1,9 13,8,6  -94.9,5  3.,9   1.,4   87,.9 27.,74   .
2,0 1,5,2  -94.9,5,.,.   88,.6 27.,50   .
2,0 2,5,2  -94.9,5,.,.   81,.5 28.,61   .
2,0 3,5,2  -94.9,5,.,.   88,.2   .,.
2,0 4,5,3  -94.9,5,.,.,.  28.,72   .
2,0 5,5,3  -94.9,5,.,.   81,.1 28.,91   .
2,0 6,5,2  -94.9,5,.,.   83,.1   .,.
2,0 7,5,2  -94.9,5,.,.   85,.4 27.,96   .
2,0 8,5,2  -94.9,5,.,.   27,0.58,.    .
2,0 9,5,2  -94.9,6,.,.   83,.1 28.,30   .
2,0 10,5,2  -94.9,6   .,.,,.  28.,19   .
2,0 11,5,3  -94.9,5   .,.,85,.4 28.,57   .
2,0 12,5,3  -94.9,5   .,.,87,.8 26.,96   .
2,0 13,5,3  -94.9,5   .,.,85,.0 27.,69   .
2,1 1,1.9,9  -95.0,0  -3,.2   6,.8  81,.8 28.,12 29.29
2,1 2,1.9,9  -95.0,0  -1,.8   6,.6  81,.8 27.,88 29.23
2,1 3,1.9,9  -95.0,0   0,.1   6,.7  82,.6 27.,73 29.18
2,1 4,1.9,9  -95.0,1   3,.0   5,.8  83,.0 27.,65 29.08
2,1 5,1.9,7  -95.0,1   0,.5   4,.5  81,.3 27.,65 29.14
2,1 6,1.9,8  -95.0,0  -1,.4   5,.6  81,.8 27.,77 29.30
2,1 7,1.9,8  -95.0,0  -3,.4   6,.4  80,.9 27.,65 29.36
2,1 8,2,0  -95.0,3-May,.3   4,0,.    .,29.3
2,1 9,2,0  -95.0,3   1,.0   5,0.2,.    .,28.97
2,1 10,2,0  -95.0,4   0,.5   5,0.5,.    .,.
2,1 11,2,0  -95.0,4,.,.,.    .,27.99
2,1 12,2,0  -95.0,1-Apr,.0   6,0.3,.    .,28.21
2,1 13,2,0  -95.0,1-Mar,.4   6,0.3,.    .,28.27
2,2 1,0.1,1  -94.9,4-Sep,.9   4,.8  88,.3 25.,67 27.63
2,2 2,0.1,2  -94.9,4-Sep,.0   4,.2  91,.2 25.,15 27.14
2,2 3,0.1,2  -94.9,1-Aug,.9   4,.2  87,.9 25.,03 26.56
2,2 4,0.1,0  -94.9,8   1,.2   3,.5  89,.0 24.,83 26.45
2,2 5,0.1,0  -94.9,2-Aug,.8   3,.0  89,.4 24.,51 26.71
2,2 6,0.1,1  -94.9,8,.,.,.  24.,35 27.12
2,2 7,0.1,1  -95.2,0  -3,.4   1,0.9,.    .,26.76
2,2 8,0,9  -95.1,6-Sep,.5   0,0.2,.    .,27.01
2,2 9,0.1,0  -95.2,6-Jan,.3  -1,0.1,.    .,.
2,2 10,0.1,1  -95.2,0  -5,.2  -0,0.7,.    .,25.57
2,2 11,0.1,1  -95.2,0  -5,.2  -0,0.2,.    .,25.07
2,2 12,0.1,0  -95.1,4-Sep,.2   0,0.7,.    .,24.87
2,2 13,0.1,3  -95.1,3-Sep,.4   0,0.6,.    .,24.21
2,3 1,-1.9,7  -95.0,3-Mar,.4   2,.2  90,.8 25.,83 25.50
2,3 2,-1.9,7  -95.0,3-Mar,.6   2,.2  89,.6 25.,99 25.70
2,3 3,-1.9,7  -95.0,1-Mar,.7   0,.7  88,.4 25.,71 25.61
2,3 4,-1.9,8  -95.0,3   1,.0  -0,.2  89,.6 25.,24 25.42
2,3 5,-1.9,7  -95.0,2-Mar,.9   0,.2  88,.8 25.,00 25.54
2,3 6,-1.9,7  -95.0,3-Feb,.6   1,.0  90,.8   .,.
2,3 7,-1.9,7  -95.0,3-Feb,.6   1,.2  93,.2 24.,68 24.64
2,3 8,-1.9,6  -94.9,3-Sep,.5   0,.1  92,.0 24.,92 24.99
2,3 9,-1.9,6  -94.9,4-Sep,.5   0,.5  89,.2 25.,04 24.89
2,3 10,-1.9,7 -95.00,-3,8   1.,0  90.,0 25.1,6 25.16
2,3 11,-1.9,7 -95.02,-2,9   2.,5  88.,0 25.3,6 25.51
2,3 12,-1.9,8 -95.03,-3,0   2.,3  90.,4 25.4,0 25.51
2,3 13,-1.9,8 -95.03,-3,3   2.,8  91.,6 25.2,8 25.16
2,4 1,-5,1  -95.0,6-Jul,.6   4,.9  77,.3 27.,63 27.64
2,4 2,-5,3  -95.0,6-Jul,.4   3,.5  78,.1 27.,59 27.63
2,4 3,-5,2  -95.0,4-Jul,.1   2,.9  78,.9 27.,40 27.24
2,4 4,-5,1  -95.0,1-Jul,.7   1,.8  81,.3 26.,68 27.25
2,4 5,-5,2  -95.0,3-Jul,.5   1,.4  82,.1 26.,64 27.26
2,4 6,-5,2  -95.0,4-Jul,.6   3,.6  83,.3 26.,53 27.14
2,4 7,-5,2  -95.0,6-Jul,.1   2,.8  79,.3 27.,04 27.18
2,4 8,-5,1  -95.0,6,.,.,.  26.,76 27.26
2,5 1,-8,2  -95.1,7-Jan,.8   3,.5  75,.8 27.,38 27.71
2,5 2,-8,1  -95.1,0  -7,.0   3,.6  78,.1 27.,03 27.67
2,5 3,-8,1  -95.1,0  -6,.1   3,.9  83,.4 26.,01 27.65
2,5 4,-8,1  -95.1,0  -3,.1   4,.7  76,.5 26.,56 27.67
2,5 5,-8,1  -95.1,0  -4,.6   2,.0  78,.1 26.,60 27.69
2,5 6,-8,2  -95.1,0  -5,.9   1,.6  82,.7 26.,64 27.66
2,5 7,-8,1  -95.1,0  -7,.7   4,.6  80,.0 26.,79 27.55
2,5 8,-8,1  -95.1,0  -7,.2   4,.5  78,.1 26.,67 27.50
2,5 9,-8,2  -95.0,6-Aug,.1   2,.7  73,.9 26.,71 27.53
2,5 10,-8,1 -95.10,-5,2   1.,7  76.,5 26.7,1 27.59
2,5 11,-8,1 -95.10,-3,9   2.,1  77.,3 26.6,7 27.61
2,5 12,-8,1 -95.10,-3,2   3.,7  79.,6 26.5,2 27.63
2,5 13,-8,1 -95.10,-3,4   3.,9  78.,8 26.4,8 27.59
2,6 1,8,0 -179.9,1,.,.,.  27.,78 28.33
2,6 2,7.9,9 -179.8,8,.,.,.  28.,22 28.36
2,6 3,8,0 -179.9,1,.,.,.  28.,02 28.37
2,6 4,8,0 -179.9,1,.,.,.  27.,94 28.39
2,6 5,8,0 -179.9,1,.,.,.  27.,21 28.39
2,6 6,8,0 -179.9,1,.,.,.  27.,98 28.38
2,6 6,8,0 -179.9,1,.,.,.  27.,86 28.41
2,6 7,8,0 -179.9,1,.,.,.  28.,18 28.46
2,6 8,8,0 -179.9,1,.,.,.  28.,10 28.40
2,6 9,7.9,9 -179.9,1,.,.,.  27.,98 28.43
2,6 10,8,0 -179.9,1,.,.,.  27.,94 28.42
2,6 11,8,0 -179.9,1,.,.,.  27.,66 28.42
2,6 12,7.9,9 -179.9,0,.,.,.  27.,78 28.46
2,6 13,8,0 -179.9,1,.,.,.  28.,06 28.48
2,6 14,8,0 -179.9,1,.,.,.  28.,06 28.48
2,7 1,2,2  179.8,0,6.0 -3,.2  85,.4 28.,09 28.41
2,7 2,2,3  179.8,0,6.5 -0,.3  90,.4 27.,19 28.28
2,7 3,2,3  179.8,0,5.6 -1,.9  86,.6 28.,06 28.44
2,8 1,0,7 -179.8,-7,4.4 -2,.5  91,.9 28.,06 28.09
2,8 2,0,8 -179.8,-7,4.5 -0,.1  91,.6 28.,06 28.26
2,8 3,0,8 -179.8,-7,4.7 -1,.7  92,.6 28.,06 28.56
2,8 4,0,8 -179.8,-7,4.8 -2,.1  90,.6 28.,37 28.71
2,8 5,0,8 -179.8,-7,4.2  0,.5  89,.2 28.,49 28.92
2,8 6,0,8 -179.8,-7,3.7 -3,.0  87,.5 28.,53 29.06
2,8 7,0,8 -179.8,-7,1.7 -2,.8  89,.6 28.,14 29.01
2,8 8,0,8 -179.8,-7,2.3 -1,.7  89,.9 28.,14 29.06
2,8 9,0,8 -179.8,-7,4.4 -1,.3  88,.2 28.,45 29.36
2,8 10,0,8 -179.8,-7,4.5 -1,.7  87,.5 28.,45 29.36
2,8 11,0,8 -179.8,-7,5.2 -1,.4  90,.6 27.,71 29.23
2,8 12,0,8 -179.8,-7,3.6 -2,.5  89,.6 28.,29 28.97
2,8 13,0,8 -179.8,-7,4.7 -2,.9  89,.6 28.,33 28.90
2,8 14,0,7 -179.8,-7,6.7 -1,.7  89,.9 28.,33 28.49
2,9 1,-1.9,9 -179.8,-7,2.8 -1,.0  88,.3 27.,61 29.09
2,9 2,-1.9,9 -179.8,-6,4.2 -2,.5  87,.9 28.,04 28.99
2,9 3,-1.9,9 -179.8,-6,3.1 -2,.9  87,.1 28.,39 29.32
2,9 4,-1.9,8 -179.8,-5,3.0  0,.9  84,.6 28.,59 29.34
2,9 5,-1.9,8 -179.8,-5,2.6 -2,.2  86,.2 28.,35 29.58
2,9 6,-1.9,9 -179.8,-5,2.8 -2,.2  87,.9 27.,26 29.38
2,9 7,-1.9,9 -179.8,-5,2.9 -1,.6  83,.7 28.,59 29.54
2,9 8,-1.9,9 -179.8,-5,4.2 -1,.1  83,.7 28.,74 29.60
2,9 9,-1.9,9 -179.8,-5,2.2 -2,.3  82,.9 28.,66 29.60
2,9 10,-1.9,9 -179.8,4-May,.7 -1.,7  83.,3 28.5,5 29.57
2,9 11,-1.9,8 -179.8,2-May,.8 -2.,0  82.,1 28.8,6 29.69
2,9 12,-1.9,9 -179.8,3-May,.2 -4.,1  87.,1 27.8,0 29.57
2,9 13,-1.9,9 -179.8,6-Apr,.6 -2.,9  81.,6 29.0,9 29.53
2,9 14,-1.9,9 -179.8,6-Apr,.6 -2.,9  81.,6 29.0,9 29.53
3,0 1,-5,2 -179.9,6,.,.,.,.   29.34
3,0 2,-5,3 -179.9,6,.,.,.,.   29.26
3,0 3,-5,3 -179.9,5,.,.,.,.   29.45
3,0 4,-5,3 -179.9,7,.,.,.,.   29.44
3,0 5,-5,2 -179.9,6,.,.,.,.   29.35
3,0 6,-5,2 -179.9,6,.,.,.,.   29.44
3,0 7,-5,2 -179.9,6,.,.,.,.   29.25
3,0 8,-5,2 -179.9,6,.,.,.,.   29.26
3,0 9,-5,2 -179.9,3-Jun,.9   0,0,.,.   29.34
3,0 10,-5,2 -179.9,2-Jun,.0  0.,8    .,.,29.57
3,0 11,-5,2 -179.9,3-Jun,.2  -0,.3   .,.,29.61
3,0 12,-5,2 -179.9,1-Jun,.3  -1,.3   .,.,29.58
3,0 13,-5,3 -179.9,4-Jun,.4  -3,.2   .,.,29.59
3,0 14,-5,3 -179.9,6-Jun,.6  -3,.0   .,.,29.47
3,1 1,-7.9,7 -179.8,1-Jun,.8  -1,0.1,.,.   29.53
3,1 2,-7.9,7 -179.8,3-Jul,.0   1,0.1,.,.   29.60
3,1 3,-7.9,7 -179.8,6-Jul,.5  -0,0.2,.,.   29.40
3,1 4,-7.9,7 -179.8,5-Jul,.6   2,0.1,.,.   29.35
3,1 5,-7.9,7 -179.8,4-Jun,.6   2,0.1,.,.   29.33
3,1 6,-7.9,7 -179.8,4-Jul,.3   1,0.5,.,.   29.30
3,1 7,-7.9,7 -179.8,3-Jul,.4   1,0.1,.,.   29.23
3,1 8,-7.9,7 -179.8,3-Jun,.4   0,0.1,.,.   29.24
3,1 9,-7.9,7 -179.8,5-Jun,.5   1,0.7,.,.   29.19
3,1 10,-7.9,7 -179.8,4-Jun,.7   0,.3   .,.,29.26
3,1 11,-7.9,7 -179.8,5-Jul,.7  -0,.9   .,.,29.18
3,1 12,-7.9,8 -179.8,5-Jun,.8  -1,.5   .,.,29.11
3,1 13,-7.9,7 -179.8,6-Jul,.0  -1,.8   .,.,29.12
3,1 14,-7.9,7 -179.8,6-Jul,.8  -1,.9   .,.,.
3,2 1,8,1 -170.0,7-Jun,.4  -5,.0  82,.6  27,.96 28.22
3,2 2,8,1 -170.0,7-Jun,.5  -5,.6  82,.0  28,.00 28.20
3,2 3,8,1 -170.0,7-Jun,.3  -5,.7  84,.7  27,.93 28.19
3,2 4,8,1 -170.0,7-Jun,.4  -4,.8  84,.0  27,.96 28.25
3,2 5,8,1 -170.0,6-Jun,.1  -5,.7  82,.3  27,.93 28.26
3,2 6,8,0 -170.0,6-Jun,.2  -5,.0  84,.4  27,.85 28.26
3,2 7,8,1 -170.0,7-May,.0  -4,.7  84,.0  27,.89 28.24
3,2 8,8,0 -170.0,5-May,.9  -4,.5  80,.6  27,.85 28.27
3,2 9,8,0 -170.0,5-May,.5  -4,.3  79,.9  27,.73 28.29
3,2 10,8,0 -170.0,5-Jun,.3  -4,.6  79,.2  27,.54 28.29
3,2 11,8,1 -170.0,5-Jun,.1  -2,.6  77,.2  27,.61 28.30
3,2 12,8,0 -170.0,3-Jun,.7  -2,.7  84,.7  27,.69 28.39
3,2 13,8,0 -170.0,4-May,.6  -2,.1  87,.4  28,.00 28.41
3,2 14,8,0 -170.0,6-Jul,.7  -1,.4  86,.4  27,.81 28.52
3,3 1,4.9,8 -169.9,7-Jun,.9  -2,0.8,.   2,7.83 28.47
3,3 2,4.9,7 -169.9,7-Aug,.9  -3,0,.   2,7.97 28.44
3,3 3,4.9,7 -169.9,8-Jul,.9  -1,0.8,.   2,7.47 28.39
3,3 4,4.9,8 -169.9,7-Jul,.8  -2,0,.   2,7.21 28.33
3,3 5,4.9,8 -169.9,7-Aug,.6  -3,0.2,.   2,7.72 28.34
3,3 6,4.9,7 -169.9,7-Aug,.7  -1,0,.   2,7.61 28.32
3,3 7,4.9,7 -169.9,8-Jul,.4  -2,0.1,.   2,7.81 28.36
3,3 8,4.9,7 -169.9,6-Aug,.7  -2,0.6,.   2,7.43 28.31
3,3 9,4.9,7 -169.9,6-Jul,.0  -4,0.9,.   2,7.85 28.27
3,3 10,4.9,7 -169.9,6-Jun,.2  -4,0.5,.   2,7.72 28.31
3,3 11,4.9,7 -169.9,5-Aug,.7  -3,0.8,.   2,7.71 28.33
3,3 12,4.9,7 -169.9,4-Aug,.9  -3,0.5,.   2,7.84 28.39
3,3 13,4.9,7 -169.9,4-Aug,.2  -1,0.2,.   2,7.61 28.53
3,3 14,4.9,7 -169.9,6-Aug,.2   2,0.2,.   2,6.86 28.50
3,4 1,1.9,7 -170.0,4-Feb,.8  -3,.5   9,4.9 27,.85 28.36
3,4 2,1.9,8 -170.0,5-Feb,.7  -3,.1   9,6.9 28,.05 28.29
3,4 3,1.9,8 -170.0,6-Jan,.1  -0,.4   9,5.7 27,.97 28.22
3,4 4,1.9,8 -170.0,4-Jan,.9  -0,.6   9,8.6 27,.78 28.20
3,4 5,1.9,7 -170.0,4-Jan,.7  -0,.3   9,9.0 27,.85 28.19
3,4 6,1.9,8 -170.0,4-Jan,.4  -0,.9   9,7.4 27,.89 28.19
3,4 7,1.9,8 -170.0,0  -4,.7  -3,.1   9,6.9 28,.01 28.04
3,4 8,1.9,8 -170.0,3-Jan,.5  -1,.3   9,6.5 27,.66 28.21
3,4 9,1.9,7 -170.0,0  -3,.2  -0,.9   9,9.4 26,.99 28.34
3,4 10,1.9,7 -170.0,0  -3,.7  -4,.4  94,.9 27.,66 28.38
3,4 11,1.9,7 -170.0,0  -3,.8  -3,.4  94,.9 27.,74 28.43
3,4 12,1.9,7 -170.0,0  -3,.7  -3,.2  94,.9 27.,97 28.56
3,4 13,1.9,8 -170.0,3-Jan,.9  -1,.8  92,.5 28.,20 28.58
3,4 14,1.9,7 -170.0,0  -6,.3   0,.4  89,.7 28.,24 28.65
3,5 1,0,3 -170.0,4-Feb,.5  -2,.6  90,.4 27.,72 27.70
3,5 2,0,3 -170.0,4-Mar,.9  -2,.7  89,.6 28.,15 28.25
3,5 3,0,3 -170.0,5-Feb,.0  -1,.9  88,.3 28.,23 28.38
3,5 4,0,3 -170.0,5-Mar,.6  -1,.8  87,.9 28.,15 28.17
3,5 5,0,3 -170.0,4-Feb,.8  -0,.5  88,.7 28.,07 28.10
3,5 6,0,3 -170.0,4-Feb,.4  -2,.2  88,.3 28.,15 28.55
3,5 7,0,3 -170.0,4-Feb,.9  -2,.3  86,.2 28.,34 28.80
3,5 8,0,3 -170.0,3-Feb,.5  -1,.3  85,.3 28.,38 28.99
3,5 9,0,3 -170.0,3-Feb,.0  -0,.6  82,.8 28.,58 29.24
3,5 10,0,3 -170.0,2 -3.,2  -4.,4  84.,5 28.2,3 28.87
3,5 11,0,3 -170.0,2 -3.,4  -3.,2  85.,7 28.1,9 28.74
3,5 12,0,3 -170.0,2 -3.,9  -3.,9  84.,9 28.2,3 28.49
3,5 13,0,4 -170.0,3 -4.,3  -2.,6  85.,3 28.1,1 28.20
3,5 14,0,3 -170.0,3 -6.,0  -1.,7  85.,7 27.9,9 28.12
3,6 1,-2.1,5 -170.0,4-Feb,.3  -2,.3  87,.1 28.,97 29.59
3,6 2,-2.1,6 -170.0,4-Feb,.3  -1,.7  94,.2 27.,97 29.48
3,6 3,-2.1,5 -170.0,4-Feb,.1  -2,.1  91,.1 28.,65 29.51
3,6 4,-2.1,5 -170.0,4-Feb,.2  -2,.5  90,.7 28.,81 29.60
3,6 5,-2.1,5 -170.0,3-Feb,.2  -1,.1  89,.9 28.,69 29.60
3,6 6,-2.1,5 -170.0,4-Jan,.7  -2,.0  90,.3 28.,57 29.52
3,6 7,-2.1,6 -170.0,3-Jan,.7  -4,.6  87,.1 29.,13 29.43
3,6 8,-2.1,6 -170.0,Jan-00,.6  -1,.2  90,.7 28.,13 29.65
3,6 9,-2.1,6 -170.0,Jan-00,.7  -0,.1  87,.1 28.,49 29.96
3,6 10,-2.1,6 -170.0,2-Jan,.8  -0,.6  86,.7 28.,65 29.84
3,6 11,-2.1,6 -170.0,3-Jan,.0  -1,.3  89,.9 28.,37 29.70
3,6 12,-2.1,6 -170.0,4-Jan,.5  -3,.5  94,.2 27.,61 29.55
3,6 13,-2.1,6 -170.0,4-Jan,.0  -4,.1  86,.3 28.,49 29.43
3,6 14,-2.1,6 -170.0,7-Jan,.1  -1,.0  82,.8 29.,21 29.47
3,7 1,-5,1 -169.9,9,.,.    8,3.3 28,.56 29.54
3,7 2,-5,1 -169.9,9,.,.    8,0.9 28,.84 29.49
3,7 3,-5,1 -169.9,9,.,.    7,9.7 29,.11 29.90
3,7 4,-5,1 -169.9,9,.,.    8,2.5 29,.07 29.82
3,7 5,-5,1 -169.9,8,.,.    8,3.3 28,.95 29.66
3,7 6,-5,1 -169.9,9,.,.    8,4.1 28,.56 29.48
3,7 7,-5,2 -169.9,8,.,.    8,5.3 28,.49 29.38
3,7 8,-5,1 -169.9,9,.,.    8,2.5 28,.87 29.65
3,7 9,-5,1 -169.9,9,.,.    8,1.3 28,.29 29.68
3,7 10,-5,1 -169.9,9   .,.,80,.5 28.,72 29.73
3,7 11,-5,1 -169.9,9   .,.,80,.9 29.,15 29.64
3,7 12,-5,1 -169.9,9   .,.,82,.9 29.,15 29.49
3,7 13,-5,2 -169.9,9   .,.,81,.7 28.,95 29.50
3,7 14,-5,1 -169.9,9   .,.,77,.3 29.,34 29.49
3,8 1,-7.9,8 -170.0,3,.,.,.  28,.18 29.58
3,8 2,-7.9,8 -170.0,3,.,.,.  28,.34 29.51
3,8 3,-7.9,8 -170.0,6-Mar,.1   1,.8   8,2.5 28,.06 29.45
3,8 4,-7.9,8 -170.0,3,.,.,.  28,.02 29.33
3,8 5,-7.9,8 -170.0,3,.,.,.,.     .
3,8 6,-7.9,8 -170.0,6-Mar,.2   0,.0   8,1.7 28,.70 29.39
3,8 7,-8,-170,,.,.,.,.     .
3,8 8,-8,-170,-3,.1   1,.1   8,2.9 28,.30 29.38
3,8 9,-8,-170,-3,.4   0,.5   8,0,.     .
3,8 10,-8,-170,-2,.7   0,.0   7,9.1 28,.46 29.61
3,8 11,-8,-170,,.,.,.,.     .
3,8 12,-8,-170,,.,.,.,.     .
3,8 13,-8,-170,,.,.,.  27,.89 29.44
3,9 1,7.9,7 -155.0,1,.,.,.,.   27.88
3,9 2,7.9,7 -155.0,0,.,.,.,.   27.88
3,9 3,7.9,7 -155.0,1,.,.,.,.   27.88
3,9 4,7.9,8 -155.0,0,.,.,.,.   27.90
3,9 5,7.9,7 -155.0,0,.,.,.,.   27.93
3,9 6,7.9,8 -155.0,1,.,.,.,.   27.94
3,9 7,7.9,7 -155.0,0,.,.,.,.   27.94
3,9 8,7.9,7 -155.0,0,.,.,.,.   27.99
3,9 9,7.9,7 -155.0,0,.,.,.,.   28.04
3,9 10,7.9,8 -155.0,0,.,.,.,.   28.03
3,9 11,7.9,7 -155.0,1,.,.,.,.   28.10
3,9 12,7.9,7 -155.0,0,.,.,.,.   28.10
3,9 13,7.9,8 -155.0,1,.,.,.,.   28.08
3,9 14,7.9,8 -155.0,0,.,.,.,.   28.06
4,0 1,4.9,8 -154.9,-4,-6.2,1.8,89.2 2,6.67 28.20
4,0 2,4.9,7 -154.9,-4,-7,2.2,91.8 2,6.71 28.18
4,0 3,4.9,8 -154.9,-3,-6.9,4.1,90.9 2,7.39 28.20
4,0 4,4.9,8 -154.9,-4,-6.9,2.9,91.4 2,7.67 28.22
4,0 5,4.9,8 -154.9,-3,-6.8,1.9,91.4 2,7.47 28.19
4,0 6,4.9,8 -154.9,-3,-5.8,2.2,92.2 2,6.95 28.21
4,0 7,4.9,8 -154.9,-4,-3.1,3,87.5 2,7.27 28.14
4,0 8,4.9,8 -154.9,-3,-3.3,1.9,85.0 2,7.39 28.41
4,0 9,4.9,8 -154.9,3,0.5,0.3,81.6 2,8.07 29.12
4,0 10,4.9,9 -154.9,1-Mar,.6   0,.5   8,5.4 27,.51 29.30
4,0 11,4.9,9 -154.9,4-Mar,.5   0,.1   8,5.0 27,.87 29.17
4,0 12,4.9,7 -154.9,6-Apr,.2  -0,.5   8,8.8 27,.83 28.73
4,0 13,4.9,9 -154.9,8-Mar,.1  -0,.4   9,0.9 27,.59 28.59
4,0 14,4.9,8 -154.9,5-Apr,.9  -0,.3   8,6.3 27,.39 28.49
4,1 1,1.9,9 -154.9,-6,0.9,0.1,.,.   28.19
4,1 2,1.9,8 -154.9,-5,-3.5,1.8,.,.   28.27
4,1 3,1.9,9 -154.9,-7,-4.5,1.4,.,.   28.11
4,1 4,1.9,9 -154.9,-6,-4.8,0.5,.,.   27.88
4,1 5,1.9,9 -154.9,-6,5.2,1.9,.,.   27.92
4,1 6,1.9,9 -154.9,-6,4.5,1.4,.,.   27.84
4,1 7,1.9,8 -154.9,-6,-3.7,1.6,.,.   27.95
4,1 8,1.9,9 -154.9,-6,-2.9,1.5,.,.   28.11
4,1 9,1.9,8 -154.9,-6,1.4,1.6,.,.   28.54
4,1 10,1.9,8 -154.9,-5,3.5,1.6,.,.   28.37
4,1 11,1.9,9 -154.9,-5,5.4,0.6,.,.   28.11
4,1 12,1.9,9 -154.9,-5,6.2,1.2,.,.   27.90
4,1 13,1.9,9 -154.9,-5,7.3,2.8,.,.   27.77
4,1 14,1.9,9 -154.9,-5,4.2,1.8,.,.   27.66
4,2 1,0,0 -154.9,6,0,0.1,.  25,.94 27.12
4,2 2,0,1 -154.9,-6,-1.8,1.8,.  26,.74 27.48
4,2 3,0,0 -154.9,-5,-3.6,2.8,.  26,.98 27.60
4,2 4,0,0 -154.9,-6,-4.3,1.9,.  26,.94 27.58
4,2 5,0,0 -154.9,-6,-5.3,0.9,.  27,.15 27.69
4,2 6,0,0 -154.9,-6,-3.8,1.6,.  27,.15 27.76
4,2 7,0,1 -154.9,-6,-3.4,2.8,.  27,.02 28.04
4,2 8,0,0 -154.9,-6,-2.6,2.7,.  26,.98 28.02
4,2 9,0,0 -154.9,-6,2.5,0,.  26,.98 28.07
4,2 10,0,0 -154.9,-6,-4.1,1.1,.  26,.70 27.98
4,2 11,0,1 -154.9,4-May,.9  -1,0.8,.  26.,46 27.57
4,2 12,0,0  -154.,-95,-6,1.4,.  26,.02 27.01
4,2 13,0,0  -154.,-96,-6.3,0.4,.  25,.82 26.57
4,2 14,0,0  -154.,-96,-3.6,0.6,.  25,.70 26.49
4,3 1,-2,0 -154.9,1-Aug,.9   1,.6  81,.5 27.,37 28.97
4,3 2,-2,0 -154.9,1-Aug,.3  -0,.7  83,.3 28.,17 29.07
4,3 3,-1.9,9 -154.9,2-Sep,.2  -3,.8  86,.4 27.,57 29.09
4,3 4,-2,0 -154.9,4-Aug,.0  -4,.8  78,.4 28.,69 29.42
4,3 5,-2,0 -154.9,5-Sep,.9  -2,.5  77,.6 29.,01 29.53
4,3 6,-2,0 -155.0,0  -5,.3   0,.2  79,.8 29.,09 29.56
4,3 7,-2,0 -154.9,4-Sep,.5  -1,.3  81,.1 28.,69 29.58
4,3 8,-2,0 -154.9,4-Aug,.8  -3,.7  77,.6 28.,57 29.49
4,3 9,-2,1 -154.9,3-Sep,.5  -2,.7  76,.7 28.,49 29.55
4,3 10,-2,0 -154.9,3-Aug,.7  -2,.7  74,.5 28.,33 29.50
4,3 11,-2,0 -154.9,4-Sep,.7  -3,.7  75,.8 28.,13 29.51
4,3 12,-2,0 -154.9,6-Sep,.3  -3,.2  72,.3 28.,01 29.39
4,3 13,-2,1 -154.9,6-Sep,.9  -1,.5  74,.5 28.,53 29.30
4,3 14,-2,0 -154.9,4-Sep,.1  -2,.6  81,.1 27.,89 29.20
4,4 1,-5,0 -154.9,9   3,.1   1,.2  83,.4 28.,08 29.44
4,4 2,-4.9,9 -154.9,2-Sep,.7   0,.4  86,.4 27.,97 29.23
4,4 3,-4.9,9 -154.9,4-Sep,.4  -0,.9  85,.1 28.,60 29.49
4,4 4,-5,0 -154.9,4-Sep,.5  -2,.7  88,.5 27.,85 29.37
4,4 5,-5,0 -154.9,5-Sep,.4  -2,.0  82,.6 28.,56 29.36
4,4 6,-5,0 -154.9,5-Sep,.2   0,.6  82,.2 28.,76 29.44
4,4 7,-5,0 -154.9,5-Sep,.0  -1,.0  85,.1 28.,24 29.42
4,4 8,-5,0 -154.9,5-Sep,.2  -1,.8  81,.3 28.,64 29.41
4,4 9,-5,0 -154.9,3-Sep,.2  -0,.5  77,.5 28.,40 29.53
4,4 10,-5,0 -154.9,3-Sep,.5  -1,.1  80,.1 28.,32 29.57
4,4 11,-5,1 -154.9,5-Sep,.7   0,.9  86,.0 27.,89 29.50
4,4 12,-4.9,9 -154.9,4-Sep,.5  -2,.7  86,.0 27.,77 29.38
4,4 13,-5,0 -154.9,5-Sep,.8  -0,.9  77,.1 28.,84 29.39
4,4 14,-5,0 -154.9,4-Sep,.2   1,.7  82,.2 28.,80 29.47
4,5 1,-8.2,8 -154.9,7   2,.0  -0,.1  81,.8 27.,89 29.26
4,5 2,-8.2,7 -154.9,1-Jul,.1  -1,.2  82,.1 28.,24 29.10
4,5 3,-8.2,8 -154.9,2-Jul,.8  -1,.3  80,.3 28.,99 29.36
4,5 4,-8.2,8 -154.9,4-Jul,.7  -0,.5  81,.4 29.,07 29.45
4,5 5,-8.2,8 -154.9,5-Jul,.4  -0,.8  82,.1 29.,03 29.44
4,5 6,-8.2,8 -154.9,5-Jul,.5   0,.0  81,.4 29.,23 29.43
4,5 7,-8.2,8 -154.9,6-Jul,.2  -2,.2  81,.8 29.,31 29.41
4,5 8,-8.2,8 -154.9,6-Jul,.2  -0,.9  81,.4 29.,15 29.40
4,5 9,-8.2,8 -154.9,2-Jun,.9  -1,.9  82,.1 28.,44 29.39
4,5 10,-8.2,8 -154.9,4-Jul,.2  -2,.1  76,.7 29.,03 29.46
4,5 11,-8.2,8 -154.9,6-Jul,.2   0,.8  75,.6 29.,11 29.47
4,5 12,-8.2,8 -154.9,5-Jun,.7  -1,.6  77,.8 29.,03 29.48
4,5 13,-8.2,7 -154.9,5-Jul,.4  -1,.2  82,.8 28.,48 29.50
4,5 14,-8.2,8 -154.9,6-Jul,.9   0,.9  81,.8 28.,56 29.40
4,6 1,2.4,1  137.4,3-Jan,.0   0,.4  84,.0 28.,86 29.85
4,6 2,2.4,2  137.4,4-Jan,.5   0,.0  82,.0 28.,86 29.48
4,6 3,2.4,1  137.4,3-Jan,.9   1,.0  82,.8 29.,18 29.54
4,6 4,2.4,1  137.4,3-Jan,.8  -0,.6  82,.4 29.,18 29.65
4,6 5,2.4,2  137.4,2-Jan,.2  -1,.4  78,.8 29.,25 29.98
4,6 6,2.4,1  137.4,1-Jan,.4  -1,.9  78,.8 29.,14 30.03
4,6 7,2.4,1  137.4,3-Jan,.2  -1,.3  78,.1 29.,41 30.15
4,6 8,2.4,2  137.4,4-Feb,.4  -1,.6  79,.6 29.,53 30.03
4,6 9,2.4,2  137.4,3-Jan,.6  -1,.3  82,.8 28.,74 29.99
4,6 10,2.4,2  137.4,1-Jan,.5   1,.2  79,.6 28.,70 29.96
4,6 11,2.4,2  137.4,1-Jan,.8   0,.1  77,.7   .,.
4,6 12,2.4,2  137.4,2-Jan,.8  -2,.2  86,.0 27.,78 30.00
4,6 13,2.4,2  137.4,4-Jan,.3   0,.6  80,.4 28.,90 29.69
4,6 14,2.4,2  137.4,1   0,.0   0,.4  83,.6 28.,42 29.88
4,7 1,4.9,7  147.0,0  -5,.1  -0,.4  80,.1 29.,04 29.34
4,7 2,4.9,7  147.0,0  -4,.2  -2,.9  83,.4 28.,80 29.35
4,7 3,4.9,7  146.9,6-Sep,.1  -3,.2  80,.9 29.,12 29.29
4,7 4,4.9,7  147.0,0  -4,.2  -2,.3  82,.6 28.,80 29.38
4,7 5,4.9,7  147.0,0  -4,.7  -0,.5  85,.1 27.,99 29.35
4,7 6,4.9,7  147.0,0  -3,.1  -0,.8  81,.3 28.,03 29.19
4,7 7,4.9,7  147.0,0  -4,.0  -2,.2  83,.0 28.,52 29.38
4,7 8,4.9,7  147.0,0  -4,.8  -1,.9  80,.5 28.,64 29.23
4,7 9,4.9,7  147.0,0  -3,.9  -0,.7  79,.7 28.,64 29.33
4,7 10,4.9,7  147.0,4-Jan,.9  -1,.5  81,.3 28.,39 29.43
4,7 11,4.9,7  147.0,0  -5,.1  -4,.1  84,.3 28.,72 29.30
4,7 12,4.9,7  147.0,0  -5,.5  -3,.6  82,.6 29.,12 29.35
4,7 13,4.9,7  147.0,5-Jan,.2  -1,.6  83,.9 28.,64 29.44
4,7 14,4.9,7  146.9,9,.,.,.  28.,80 29.40
4,8 1,0,1  146.9,2-Sep,.3  -0,.3  80,.5 29.,16 29.75
4,8 2,0,1 146.99,-3,0  -2.,6  82.,8 29.0,5 29.55
4,8 3,0,0 146.99,-6,0  -0.,4  87.,5 28.4,8 29.52
4,8 4,0,0 146.99,-3,2  -1.,8  86.,7 28.4,4 29.34
4,8 5,0,0 146.99,0,6   3.,3  88.,2 27.0,0 29.31
4,8 6,0,0 147.00,0,5  -0.,3  83.,6 28.5,2 29.50
4,8 7,0,0 147.00,0,1  -1.,9  81.,7 29.0,5 29.85
4,8 8,0,0 146.99,0,3  -0.,5  81.,7 28.9,0 30.03
4,8 9,0,0 147.00,-2,7   0.,0  80.,1 29.3,2 30.34
4,8 10,0,0 147.00,-2,5  -1.,3  81.,3 29.2,0 30.12
4,8 11,0,0 147.00,-3,0  -3.,8  84.,0 29.0,5 29.92
4,8 12,0,0 147.00,-4,6  -0.,5  86.,7 28.4,8 29.57
4,8 13,0,0 147.01,-3,0   1.,2  88.,6 27.9,5 29.46
4,9 1,8,8 156.01,-6,6  -3.,0  84.,5 28.5,3 28.98
4,9 2,8,8 156.02,-5,5  -4.,1  83.,7 28.4,1 28.98
4,9 3,8,9 156.02,-6,8  -3.,4  81.,8 28.4,1 28.92
4,9 4,8,8 156.02,-5,1  -2.,6  88.,0 27.8,1 28.91
4,9 5,8,8 156.02,-6,8  -3.,2  87.,3 27.8,1 28.85
4,9 6,8,8 156.02,-5,1  -4.,2  83.,7 28.3,3 28.80
4,9 7,8,8 156.02,-5,2  -3.,4  82.,6 28.0,9 28.81
4,9 8,8,7 156.01,-5,2  -2.,0  85.,3 27.8,9 28.87
4,9 9,8,9 156.02,-5,2  -2.,0  85.,7 28.4,1 29.00
4,9 10,8,9 156.02,-4,8  -2.,8  87.,3 28.4,1 29.07
4,9 11,8,7 156.02,-5,3  -3.,8  86.,9 28.4,1 29.03
4,9 12,8,9 156.02,-7,5  -2.,5  84.,9 28.5,7 28.95
4,9 13,8,9 156.01,-5,9  -2.,5  87.,3 28.2,9 28.94
4,9 14,8,8 156.02,-5,5  -0.,7  94.,3 27.2,9 28.89
5,0 1,4.9,8 156.06,-6,3  -3.,5  83.,7 28.8,9 29.04
5,0 2,4.9,8 156.07,-5,4  -3.,4  79.,6 28.9,7 28.90
5,0 3,4.9,8 156.07,-6,2  -2.,7  82.,5 28.7,8 28.98
5,0 4,4.9,9 156.06,-4,2  -1.,3  85.,7 28.0,7 29.05
5,0 5,4.9,9 156.06,-4,2  -3.,3  86.,1 27.9,9 29.15
5,0 6,4.9,9 156.06,-4,-4.4,81.2,28.97,29.08
5,0 7,4.9,9 156.06,-4.1,-3.5,78.4,28.85,29.04
5,0 8,4.9,8 156.06,-4.7,-0.4,78.4,28.85,29.19
5,0 9,4.9,9 156.06,-4.6,-2.5,78.8,29.01,29.13
5,0 10,4.9,9 156.07,-5.1,-1.8,81.2,28.89,29.23
5,0 11,4.9,9 156.07,-5.5,-4.2,80.8,29.17,29.14
5,0 12,4.9,9 156.07,-7.2,-1.7,81.2,29.01,29.1
5,0 13,4.9,9 156.07,-6.5,-1.8,82.5,28.97,29.08
5,0 14,4.9,9 156.08,-3.5,-0.6,85.7,28.23,29.03
5,1 1,2,8 156.21,-4.5,-3.2,83,28.57,29.33
5,1 2,2,8 156.21,-5.2,-3.5,81.8,28.76,29.04
5,1 3,2,8 156.20,-5.4,-2.2,84.6,27.93,29.05
5,1 4,2,8 156.21,-4.3,0.3,83.8,28.05,28.87
5,1 5,2,8 156.21,-3,-2,83,28.37,29.06
5,1 6,2,9 156.21,-2.3,-3.1,82.2,28.41,29.13
5,1 7,2,9 156.22,-3.4,-3.8,80.2,28.6,28.98
5,1 8,2,8 156.20,-4.1,-1.2,80.6,28.41,29.05
5,1 9,2,8 156.21,-3.6,0,85.4,27.26,29.09
5,1 10,2,9 156.21,-3.5,-2.5,82.2,28.25,28.94
5,1 11,2,8 156.20,-5.4,-5.1,83,28.64,28.96
5,1 12,2,8 156.21,-6.3,-2.9,82.6,28.64,28.97
5,1 13,2,8 156.20,-7,-1.4,82.2,28.72,28.96
5,1 14,2,7 156.20,-4.7,-0.5,80.2,28.64,28.97
5,2 1,0,6 156.16,-3,-2.8,86.7,28.26,29.23
5,2 2,0,6 156.17,-4.4,-1.9,87.8,27.94,29.34
5,2 3,0,6 156.16,-3.5,-1.2,86.7,27.98,29.48
5,2 4,0,6 156.16,-3.5,-0.8,86.3,28.22,29.5
5,2 5,0,6 156.16,-3,-2.2,83.9,28.42,29.52
5,2 6,0,6 156.17,-0.6,-3.3,83.9,28.26,29.66
5,2 7,0,6 156.16,-2.4,-2.8,89.4,27.27,29.43
5,2 8,0,6 156.16,-2.8,1,88.6,27.35,29.38
5,2 9,0,6 156.16,0.2,-0.8,85.1,27.78,29.55
5,2 10,0,6 156.17,-3.1,-3.3,83.9,28.26,29.47
5,2 11,0,6 156.16,-5.3,-5,87.1,28.45,29.16
5,2 12,0,6 156.17,-6.1,-1.3,87.1,28.26,28.97
5,2 13,0,6 156.17,-6.7,-1.4,86.3,28.26,28.83
5,2 14,0,6 156.16,-3.9,-1.6,85.9,28.18,28.89
5,3 1,-1.9,8 155.94,-2.3,-2.6,78.3,28.68,29.75
5,3 2,-1.9,9 155.94,-3,-0.2,78.3,28.4,29.95
5,3 3,-1.9,9 155.94,-3.6,0.1,76.7,28.96,30.1
5,3 4,-1.9,9 155.93,-3.6,-0.1,76.3,29.08,30.15
5,3 5,-1.9,9 155.94,-2.2,-2,78.8,28.84,29.98
5,3 6,-1.9,9 155.94,-0.4,-2.7,77.1,28.76,30.05
5,3 7,-1.9,9 155.94,0.9,-1.7,82.9,27.65,29.94
5,3 8,-1.9,9 155.94,1.8,2.1,82.9,27.65,29.7
5,3 9,-1.9,9 155.94,-1.1,-1.2,81.3,28.16,29.67
5,3 10,-1.9,9 155.94,-1.3,-1,8  88.,3 30.0,4 29.60
5,3 11,-1.9,9 155.94,-4.8,-4,7    .,.,29.59
5,3 12,-1.9,9 155.94,-5,-1,4    .,.,29.58
5,3 13,-1.9,9 155.94,-6.2,1,1    .,.,29.54
5,3 14,-2,0 155.94,-1.6,0,0    .,.,29.3
5,4 1,7.9,8 165.06,-5.8,-3,4  84.,5 28.3,5 28.72
5,4 2,7.9,8 165.07,-5.8,-4,3  83.,7 28.4,4 28.71
5,4 3,7.9,9 165.06,-7,-2,4  87.,7 28.1,8 28.70
5,4 4,7.9,8 165.07,-7.2,-3,9  87.,7 28.4,2 28.74
5,4 5,7.9,9 165.06,-5.8,-4,5  81.,4 28.5,0 28.70
5,4 6,7.9,9 165.06,-4.4,-4,2  79.,8 28.3,3 28.76
5,4 7,7.9,8 165.07,-4.9,-2,5  84.,5 28.3,2 28.75
5,4 8,7.9,9 165.07,-4.1,1,2  92.,4 27.6,7 28.77
5,4 9,7.9,8 165.06,-1.5,0,1  92.,4 26.9,7 28.77
5,4 10,7.9,8 165.07,-6.1,-4,1  85.,3 28.4,6 28.77
5,4 11,7.9,8 165.06,-5.8,-3,8  81.,4 28.4,5 28.77
5,4 12,7.9,8 165.06,-6.8,-2,4  88.,9 28.1,7 28.77
5,4 13,7.9,8 165.08,-6.7,-4,2  90.,0 28.2,8 28.77
5,4 14,7.9,8 165.06,-6.2,-4,9  88.,9 28.4,0 28.77
5,5 1,5,3 165.02,-6.2,-3,5  84.,0 28.5,0 28.68
5,5 2,5,2 165.03,-6.1,-3,9  84.,4 28.4,4 28.65
5,5 3,5,2 165.03,-6.2,0,2  89.,3 27.6,5 28.63
5,5 4,5,2 165.02,-6.6,-1,8  88.,5 28.1,2 28.77
5,5 5,5,2 165.02,-5.6,-4,4  86.,5 28.1,3 28.62
5,5 6,5,2 165.02,-3.9,-5,3  81.,2 28.3,4 28.66
5,5 7,5,3 165.02,-4,-2,9  84.,4 28.2,4 28.68
5,5 8,5,3 165.03,-2,3,3  88.,5 27.9,8 28.82
5,5 9,5,3 165.02,-3.2,-1,0  84.,8 27.9,7 28.96
5,5 10,5,3 165.02,-7.2,-3,1  85.,3 28.4,3 28.82
5,5 11,5,3 165.02,-5.9,-3,8  82.,8 28.4,4 28.79
5,5 12,5,3 165.02,-6.8,0,2  84.,8 28.5,5 28.85
5,5 13,5,2 165.03,-6.6,-0.6,88,5 28.1,8 28.88
5,5 14,5,3 165.02,-6.4,-1.6,87,7 28.5,3 28.87
5,6 1,0,1 165.01,-1.7,-1.9,.,.,.
5,6 2,0,0 165.02,-3.5,0.3,.,.,.
5,6 3,0,0 165.01,-3.8,-0.2,.,.,.
5,6 4,0,0 165.01,-4.3,-1.5,.,.,.
5,6 5,0,0 165.01,-2.9,-1.9,.,.,.
5,6 6,0,0 165.01,-1.1,-2.2,.,.,.
5,6 7,0,0 165.02,-0.8,-0.9,.,.,.
5,6 8,0,0 165.02,-2.9,1.5,.,.,.
5,6 9,0,0 165.01,-3,-2.9,.,.,.
5,6 10,0,0 165.02,-3.9,-5,.,.,.
5,6 11,0,0 165.01,-4.1,-2.1,.,.,.
5,6 12,0,0 165.01,-4.9,0,.,.,.
5,6 13,0,0 165.01,-4.9,-1.6,.,.,.
5,6 14,0,0 165.01,-4,-1.7,.,.,.
5,7 1,-1.9,2 164.41,-1.6,-3.4,81,3 28.4,4   .
5,7 2,-1.9,2 164.41,-2,-0.9,79,2 28.5,2   .
5,7 3,-1.9,2 164.42,-3.3,-0.3,78,0 28.6,7   .
5,7 4,-1.9,2 164.42,-3.6,-2.3,82,5 28.4,8   .
5,7 5,-1.9,3 164.41,-2.3,-2.9,79,6 28.5,5   .
5,7 6,-1.9,2 164.42,-0.2,-2.7,80,1 28.4,9   .
5,7 7,-1.9,2 164.42,-3.3,1.1,80,9 28.2,6   .
5,7 8,-1.9,2 164.42,-3,1.7,80,9 28.4,5   .
5,7 9,-1.9,3 164.42,-4.4,-2.3,83,3 28.1,8   .
5,8 1,-5,0 165.20,0.3,-4.4,88,1 26.8,2 29.35
5,8 2,-5,0 165.21,-0.4,-1.2,85,0 27.5,0 29.53
5,8 3,-4.9,9 165.21,-1.3,-0.7,75,9 28.7,2 29.70
5,8 4,-5,0 165.21,-2.4,-0.2,79,8 28.6,7 29.84
5,8 5,-4.9,9 165.21,-0.3,-2,80,7 28.2,8 29.68
5,8 6,-5,0 165.21,3.4,1.7,84,1 27.4,9 29.56
5,8 7,-4.9,9 165.21,-3.4,-0.2,85,5 26.6,1 29.46
5,8 8,-4.9,9 165.20,-3.9,1.1,79,8 28.1,3 29.42
5,8 9,-4.9,9 165.21,-6.3,-0.1,85,9 27.3,4 29.33
5,8 10,-4.9,9 165.21,-2.4,-3.1,82,4 27.6,0 29.39
5,8 11,-5,0 165.20,-3.7,0,84,1 27.2,1 29.34
5,8 12,-5,0 165.20,-4.2,1.6,81,5 28.0,9 29.38
5,8 13,-5,0 165.20,-5.1,1.1,83,3 28.1,6 29.46
5,8 14,-5,0 165.20,-3.9,-1,85,9 27.8,9 29.42
5,9 1,-8,3 164.82,.,.,93,3 27.6,4 28.69
5,9 2,-8,3 164.81,.,.,91,8 28.4,8 28.94
5,9 3,-8,3 164.82,.,.,91,2 28.6,1 29.07
5,9 4,-8,3 164.82,.,.,93,6 28.4,7 28.90
5,9 5,-8,3 164.82,.,.,88,8 28.4,7 29.22
5,9 6,-8,3 164.82,.,.,90,6 27.9,7 29.11
5,9 7,-8,3 164.82,.,.,89,5 27.5,1 28.78
5,9 8,-8,4 164.82,.,.,85,9 27.6,5 28.65
5,9 9,-8,3 164.82,.,.,89,5 28.3,7 28.66
5,9 10,-8,4 164.82,.,.,93,6 26.8,9 28.52
5,9 11,-8,4 164.82,.,.,92,3 27.6,2 28.44
5,9 12,-8,3 164.81,.,.,93,2 28.3,3 28.43
5,9 13,-8,4 164.82,.,.,95,5 28.4,4 28.51
5,9 14,-8,4 164.81,.,.,93,4 28.6,7 28.61
